{
    "value0": {
        "Layout": {
            "Name": "default.ini"
        },
        "Camera": {
            "Transform": {
                "value0": [
                    147.55877685546876,
                    96.18231201171875,
                    94.81861877441406
                ],
                "value1": [
                    -35.264381408691409,
                    45.0,
                    0.0
                ],
                "value2": [
                    0.9999999403953552,
                    1.0000001192092896,
                    1.0000001192092896
                ]
            }
        },
        "Gizmo": {
            "Operation": 7,
            "Mode": 0,
            "IsSnappingEnabled": 0,
            "SnapValues": [
                {
                    "key": 7,
                    "value": [
                        10.0,
                        10.0,
                        10.0
                    ]
                },
                {
                    "key": 120,
                    "value": [
                        15.0,
                        15.0,
                        15.0
                    ]
                },
                {
                    "key": 128,
                    "value": [
                        0.25,
                        0.25,
                        0.25
                    ]
                }
            ]
        }
    }
}