{
    "value0": {
        "Layout": {
            "Name": "default.ini"
        },
        "Camera": {
            "Transform": {
                "value0": [
                    38.82123565673828,
                    49.92222213745117,
                    39.09146499633789
                ],
                "value1": [
                    -35.264381408691409,
                    45.000003814697269,
                    0.0
                ],
                "value2": [
                    1.0,
                    1.0000001192092896,
                    1.0
                ]
            }
        },
        "Gizmo": {
            "Operation": 7,
            "Mode": 0,
            "IsSnappingEnabled": 0,
            "SnapValues": [
                {
                    "key": 7,
                    "value": [
                        10.0,
                        10.0,
                        10.0
                    ]
                },
                {
                    "key": 120,
                    "value": [
                        15.0,
                        15.0,
                        15.0
                    ]
                },
                {
                    "key": 128,
                    "value": [
                        0.25,
                        0.25,
                        0.25
                    ]
                }
            ]
        }
    }
}