{
    "value0": {
        "Camera": {
            "Transform": {
                "value0": [
                    36.69225311279297,
                    284.4597473144531,
                    287.0836181640625
                ],
                "value1": [
                    -45.0,
                    0.0,
                    0.0
                ],
                "value2": [
                    1.0,
                    1.0,
                    1.0
                ]
            }
        },
        "Gizmo": {
            "Operation": 0,
            "Mode": 0,
            "IsSnappingEnabled": 0,
            "SnapValues": [
                {
                    "key": 7,
                    "value": [
                        10.0,
                        10.0,
                        10.0
                    ]
                },
                {
                    "key": 120,
                    "value": [
                        15.0,
                        15.0,
                        15.0
                    ]
                },
                {
                    "key": 128,
                    "value": [
                        0.25,
                        0.25,
                        0.25
                    ]
                }
            ]
        }
    }
}